the_geom,OBJECTID,Borough,Block,Lot,Address,BBL,LPC_NAME,LPC_LPNumb,LPC_SiteDe,LPC_SiteSt,LPC_Altern,DesDate,LandmarkTy,URL_REPORT,Shape_Leng,Shape_Area
"MULTIPOLYGON (((-74.14675988408393 40.57266547191621, -74.14751709942341 40.5726353763335, -74.14753939600472 40.57258191589787, -74.14774576498185 40.572575824263076, -74.14775564272772 40.5726992340314, -74.1477851281615 40.57306768047235, -74.14703149081616 40.5731765125104, -74.14696974631718 40.57318467914301, -74.1469348537762 40.57318810885451, -74.14691031622449 40.573188957914354, -74.14688541483363 40.57318761375332, -74.14686327775178 40.57318450012182, -74.14684030189937 40.57318018355519, -74.14681925732741 40.57317604372035, -74.14679323779134 40.57316835496302, -74.14677000001281 40.57315984766998, -74.14674834103776 40.573149654372166, -74.14672892247826 40.57313843431078, -74.14670621961548 40.57312451236045, -74.14668833851952 40.57311052391348, -74.14667027329352 40.57309388905343, -74.14665523329178 40.57307759613043, -74.1466418122911 40.573061788323265, -74.14663139895018 40.573046392718396, -74.14662484064858 40.573033846859, -74.14661922235967 40.573020744175075, -74.14661699205381 40.57300861783945, -74.14661560228446 40.5729936582773, -74.14675988408393 40.57266547191621)))",14,SI,2294,70,Old Mill Road at Arthur Kill Road,5022940070,Saint Andrew's Church,LP-00399,"Borough of Richmond Tax Map Block 2515, Lot 10.",Designated,,11/15/1967,Individual Landmark,http://s-media.nyc.gov/agencies/lpc/lp/0399.pdf,959.12092648,55424.3762925
"MULTIPOLYGON (((-74.06387433252742 40.61121773116524, -74.06405038676382 40.6114566451089, -74.06344350458511 40.61174788973867, -74.06326745175258 40.61150897487248, -74.06387433252742 40.61121773116524)))",24,SI,2832,18,1331 Bay Street,5028320018,Saint John's Church,LP-00373,"Borough of Richmond Tax Map Block 2832, Lot 18.",Designated,,02/19/1974,Individual Landmark,http://s-media.nyc.gov/agencies/lpc/lp/0373.pdf,597.909525508,19853.3694101
"MULTIPOLYGON (((-74.13193758812749 40.63997623728809, -74.13242319219958 40.639368096736455, -74.13274495754439 40.63951378462354, -74.13280524565077 40.63943828028525, -74.13283747213099 40.639397922296176, -74.13288276294772 40.639341201168314, -74.13342506163842 40.6395866762251, -74.13341711310744 40.63960275251835, -74.13354668291036 40.63963847161198, -74.13349034396983 40.63976013328877, -74.1334260949214 40.639898878866234, -74.13334138604458 40.6398755266924, -74.13325803508393 40.63985254839924, -74.13326233847326 40.63984325635374, -74.13306073664096 40.639763774014234, -74.13290816320799 40.63970361924926, -74.1327492440339 40.63964096366055, -74.1326664820052 40.63960833339018, -74.13248364966469 40.63986244657498, -74.13234198943616 40.63998551980895, -74.1322484352642 40.640066797570306, -74.13220656844852 40.64009802620105, -74.13193758812749 40.63997623728809)))",27,SI,1073,75,54 Port Richmond Avenue,5010730075,"Reformed Church on Staten Island, Sunday School Building, and Cemetery",LP-02384,"Borough of Staten Island, Tax Map Block 1073, Lot 75",Designated,,03/23/2010,Individual Landmark,http://s-media.nyc.gov/agencies/lpc/lp/2384.pdf,1304.07717419,50540.0744748
"MULTIPOLYGON (((-74.20058939151117 40.542919858642385, -74.20152571373433 40.54265390390377, -74.20165491884393 40.5429044960768, -74.2018229082454 40.54285643235679, -74.20214476954897 40.54356927805177, -74.20101897561865 40.543915840120846, -74.20076538323859 40.543348180455546, -74.20058939151117 40.542919858642385)))",46,SI,6110,1,1075 Woodrow Road,5061100001,Woodrow United Methodist Church,LP-00385,"Borough of Richmond Tax Map Block 6110, Lot 1.",Designated,,11/15/1967,Individual Landmark,http://s-media.nyc.gov/agencies/lpc/lp/0385.pdf,1419.77542467,121455.859046
"MULTIPOLYGON (((-74.2201328661496 40.541667158824765, -74.22011863711215 40.54162908378695, -74.22010434612827 40.54159083236223, -74.22008854867319 40.54154855395233, -74.22007275005771 40.541506275542346, -74.22005695263965 40.541463996227314, -74.22004115524454 40.54142171781045, -74.22002535668904 40.54137943939357, -74.22000955815352 40.54133716097433, -74.21999375963799 40.54129488255281, -74.21997796350622 40.54125260502494, -74.21996216384431 40.54121032479997, -74.21993751819714 40.541144364975445, -74.21984256673791 40.540889052990835, -74.22064034574457 40.540817142738305, -74.22068133671756 40.5409348451645, -74.2207007138511 40.540990487682215, -74.22072054862942 40.5410474431898, -74.22074585220602 40.541120103326456, -74.22083639875405 40.541380103092195, -74.22090938350289 40.54158967358185, -74.22016587241312 40.54175548704363, -74.2201328661496 40.541667158824765)))",50,SI,7092,22,Crabtree Avenue,5070920022,Rossville A.M.E. Zion Church Cemetery,LP-01399,"Borough of Staten Island Tax Map Block 7092, Lot 22.",Designated,,04/09/1985,Individual Landmark,http://s-media.nyc.gov/agencies/lpc/lp/1399.pdf,1057.99793094,67527.6970907
"MULTIPOLYGON (((-74.14343088989362 40.5709943878596, -74.1433460059535 40.57061429716725, -74.14381334712164 40.57055785971433, -74.1439580085382 40.57123642292693, -74.14349736519685 40.57129205292563, -74.14343088989362 40.5709943878596)))",56,SI,4438,61,45 Saint Patrick's Place,5044380061,Saint Patrick's Church,LP-00400,"Borough of Richmond Tax Map Block 4438, Lot 61.",Designated,,02/20/1968,Individual Landmark,http://s-media.nyc.gov/agencies/lpc/lp/0400.pdf,761.96425783,32688.0557952
"MULTIPOLYGON (((-74.19269663483897 40.531470188411234, -74.19302454911947 40.53190168565355, -74.19204095088634 40.53225015621986, -74.1918633638729 40.53191975878785, -74.19269663483897 40.531470188411234)))",58,SI,6815,59,5475 Amboy Road,5068150059,Memorial Church of the Huguenots,LP-01772,"Borough of Staten Island Tax Map Block 6815, Lot 59.",Designated,now the Reformed Church of Huguenot Park,11/20/1990,Individual Landmark,http://s-media.nyc.gov/agencies/lpc/lp/1772.pdf,896.969737059,45261.5124275
"MULTIPOLYGON (((-74.21770050076849 40.53926033682711, -74.21880631808371 40.53918605374781, -74.21886182795492 40.53960104541922, -74.21869424005634 40.53961300229225, -74.21847930153396 40.53962833686451, -74.21771222505019 40.53968306024966, -74.21770429681864 40.53951469150337, -74.21770050076849 40.53926033682711)))",63,SI,7267,101,584 Bloomindale Road,5072670101,Rossville A.M.E. Zion Church,LP-02416,"Borough of Staten Island Tax Map Block 7267, Lot 101",Designated,,02/01/2011,Individual Landmark,http://s-media.nyc.gov/agencies/lpc/lp/2416.pdf,935.504351271,48167.4793918
"MULTIPOLYGON (((-73.98516048515954 40.734595339506946, -73.9851021325186 40.73457074630492, -73.98503786488044 40.73454366149989, -73.98497980234052 40.734519191642974, -73.98491951800737 40.73449378583795, -73.9849343465333 40.7344733741641, -73.98463935786025 40.73434927401295, -73.98481342879523 40.73411093713955, -73.98536281482993 40.73434246944978, -73.98517475017114 40.73460135043373, -73.98516048515954 40.734595339506946)))",123,MN,897,53,Rutherford Place at East 16th Street,1008970053,Saint George's Church,LP-00244,"Borough of Manhattan Tax Map Block 897, Lot 53.",Designated,,06/20/1967,Individual Landmark,http://s-media.nyc.gov/agencies/lpc/lp/0244.pdf,563.94134934,17979.6638428
"MULTIPOLYGON (((-73.98124947300465 40.7830753149491, -73.98118049884575 40.78304647865084, -73.98119093887914 40.783032048016594, -73.98136724782455 40.78278836400762, -73.98193059308306 40.78302388355095, -73.98174384444283 40.78328199909754, -73.98124947300465 40.7830753149491)))",126,MN,1169,1,West End Avenue at West 77th Street,1011690001,West End Collegiate Church and Collegiate School,LP-00287,"Borough of Manhattan Tax Map Block 1169, Lot 1.",Designated,,01/11/1967,Individual Landmark,http://s-media.nyc.gov/agencies/lpc/lp/0287.pdf,570.748393681,19108.9908072
"MULTIPOLYGON (((-73.98623594849398 40.768608329273896, -73.98619936801563 40.76859294429788, -73.98616276978882 40.768577553905004, -73.98635013375062 40.76832070041348, -73.98650726824799 40.76838678166446, -73.98631990352182 40.76864363540888, -73.98623594849398 40.768608329273896)))",129,MN,1067,24,417-419 West 57th Street,1010670024,Catholic Apostolic Church,LP-02077,"Borough of Manhattan Tax Map Block 1067, Lot 24.",Designated,now Church for All Nations,02/27/2001,Individual Landmark,http://s-media.nyc.gov/agencies/lpc/lp/2077.pdf,313.497593148,5322.63753179
"MULTIPOLYGON (((-73.98326000088322 40.75855539619674, -73.98343807991252 40.75830321032928, -73.98339872306634 40.7582865435226, -73.98357836812337 40.75803708438315, -73.98397512057353 40.758205095231695, -73.98379931245357 40.75844926775857, -73.98373621831357 40.75842254899292, -73.98355158538237 40.75867887310144, -73.98326000088322 40.75855539619674)))",132,MN,999,12,133-145 West 46th Street,1009990012,Church of Saint Mary-the-Virgin Complex,LP-01562,"Borough of Manhattan Tax Map Block 999, Lot 12.",Designated,,12/19/1989,Individual Landmark,http://s-media.nyc.gov/agencies/lpc/lp/1562.pdf,666.565853186,22679.317773
"MULTIPOLYGON (((-73.98291755135004 40.71340915193169, -73.98326128254186 40.713370336389346, -73.98332681544443 40.71388004745087, -73.98332934786154 40.713899750986705, -73.98298528798986 40.713936032644895, -73.98293719319415 40.7135615410358, -73.98291755135004 40.71340915193169)))",151,MN,267,19,290 Henry Street,1002670019,All Saints' Free Church,LP-00088,"Borough of Manhattan Tax Map Block 267, Lot 19.",Designated,"later Saint Augustine's Chapel, now Saint Augustine's Episcopal Church",08/16/1966,Individual Landmark,http://s-media.nyc.gov/agencies/lpc/lp/0088.pdf,579.305007298,18600.7847484
"MULTIPOLYGON (((-74.0079956808312 40.70914367293416, -74.00818676474364 40.70896172385602, -74.00828338776134 40.70904094390491, -74.00829260247686 40.709048499429535, -74.00811397831698 40.70922960762691, -74.0079956808312 40.70914367293416)))",167,MN,67,30,44 John Street,1000670030,John Street Methodist Church,LP-00055,"Borough of Manhattan Tax Map Block 67, Lot 30.",Designated,,12/21/1965,Individual Landmark,http://s-media.nyc.gov/agencies/lpc/lp/0055.pdf,255.833023189,3667.25639409
"MULTIPOLYGON (((-73.98759372653103 40.73019121559087, -73.98741584829614 40.730437924802764, -73.98736219642137 40.73041529905512, -73.98719799873989 40.73064302220347, -73.9865769818641 40.73038111244745, -73.98676157203764 40.730125110252374, -73.98734638696801 40.73008690258979, -73.98759372653103 40.73019121559087)))",178,MN,466,26,East 10th Street at Second Avenue,1004660026,Saint Mark's-in-the-Bowery Church,LP-00229,"Borough of Manhattan, Tax Map Block 466, Lot 26.",Designated,,04/19/1966,Individual Landmark,http://s-media.nyc.gov/agencies/lpc/lp/0229.pdf,758.386860702,34394.731046
"MULTIPOLYGON (((-73.99059898146753 40.73231455034579, -73.9906095726264 40.73226567882794, -73.9906210699566 40.73221262722345, -73.99063030239718 40.732170022229106, -73.99119019227686 40.732271750912965, -73.99115887132994 40.732416279179795, -73.99059898146753 40.73231455034579)))",179,MN,557,8,804 Broadway,1005570008,Grace Church Rectory,LP-00204,"Borough of Manhattan Tax Map Block 557, Lot 8.",Designated,,03/15/1966,Individual Landmark,http://s-media.nyc.gov/agencies/lpc/lp/0204.pdf,425.806519537,8492.45589687
"MULTIPOLYGON (((-73.9860317229822 40.74536052018109, -73.98590930953698 40.74530888463093, -73.98567889498017 40.745211693351585, -73.98556098922951 40.74516195895991, -73.98557149814751 40.745147560275804, -73.9855430949563 40.7451355790758, -73.9856239861459 40.745024749444035, -73.98568999737051 40.745052594125035, -73.98577932678938 40.7449302038264, -73.98625256590384 40.74512982165569, -73.98607183767638 40.745377441055105, -73.9860317229822 40.74536052018109)))",195,MN,859,6,11-13 East 29th Street,1008590006,Expanded Site of the Church of the Transfiguration,LP-02133,"Amended Landmark Site to include Borough of Manhattan Tax Map Block 859, Lot 12 in part, consisting of the land under the chancel.",Designated,also known as the Little Church around the Corner,07/26/2005,Individual Landmark,http://s-media.nyc.gov/agencies/lpc/lp/2133.pdf,548.096248652,16509.6471938
"MULTIPOLYGON (((-73.99357130976496 40.741143296616805, -73.99349841712741 40.74111247356973, -73.99327715636134 40.74101890808292, -73.99337162550573 40.74089016535317, -73.99341275159719 40.74090755560506, -73.99347430592046 40.74082367056578, -73.99396810558257 40.741032482766634, -73.99381208444034 40.74124511303285, -73.99357130976496 40.741143296616805)))",209,MN,822,1,Sixth Avenue at West 20th Street,1008220001,Church of the Holy Communion Complex,LP-00216,"Borough of Manhattan Tax Map Block 822, Lot 1.",Designated,,04/19/1966,Individual Landmark,http://s-media.nyc.gov/agencies/lpc/lp/0216.pdf,516.6377113,14590.1143749
"MULTIPOLYGON (((-73.98652261859519 40.739297312216834, -73.98666761458207 40.73909820260337, -73.98690460808206 40.73919787273642, -73.98675961613843 40.73939698174536, -73.98652261859519 40.739297312216834)))",223,MN,877,89,281 Park Avenue South,1008770089,Church Missions House,LP-01044,"Borough of Manhattan Tax Map Block 877, Lot 89.",Designated,now the Protestant Welfare Agencies Building,09/11/1979,Individual Landmark,http://s-media.nyc.gov/agencies/lpc/lp/1044.pdf,315.944841887,6223.29500521
"MULTIPOLYGON (((-73.99318313106993 40.741006468353596, -73.99335445344514 40.740772988573134, -73.99347430592046 40.74082367056578, -73.99341275159719 40.74090755560506, -73.99337162550573 40.74089016535317, -73.99327715636134 40.74101890808292, -73.99326185649585 40.74103976023212, -73.99318313106993 40.741006468353596)))",236,MN,822,8,47 West 20th Street,1008220008,Church of the Holy Communion Rectory,LP-00217,"Borough of Manhattan Tax Map Block 822, Lot 8.",Designated,,04/19/1966,Individual Landmark,http://s-media.nyc.gov/agencies/lpc/lp/0217.pdf,270.831776573,2887.93762159
"MULTIPOLYGON (((-73.9949976635102 40.71305673059973, -73.99503294741943 40.71333489623093, -73.99494221621205 40.71334227916825, -73.99460861499085 40.71336956030312, -73.99457346055223 40.713092554406764, -73.9949976635102 40.71305673059973)))",268,MN,280,22,61 Henry Street,1002800022,Northern Reformed Church,LP-00094,"Borough of Manhattan Tax Map Block 280, Lot 22.",Designated,"also known as the Market Street Reformed Church, later the Sea and Land Church, now the First Chinese Presbyterian Church",01/18/1966,Individual Landmark,http://s-media.nyc.gov/agencies/lpc/lp/0094.pdf,439.840264259,12019.7962362
"MULTIPOLYGON (((-73.99826387543274 40.712315724880696, -73.99826380324978 40.71231547183611, -73.99835959075219 40.71230571981013, -73.99830164068759 40.71210453948628, -73.99867223306615 40.712066809358106, -73.99874988238568 40.712336379893316, -73.99828350213792 40.71238386321298, -73.99826387543274 40.712315724880696)))",327,MN,279,25,32 James Street,1002790025,Saint James Roman Catholic Church,LP-00092,"Borough of Manhattan Tax Map Block 279, Lot 25.",Designated,,01/18/1966,Individual Landmark,http://s-media.nyc.gov/agencies/lpc/lp/0092.pdf,461.982168013,11067.3133912
"MULTIPOLYGON (((-73.98675823125843 40.745686108500514, -73.98694820959042 40.74542713369591, -73.98742723693728 40.745628888744115, -73.98724174668408 40.7458852767728, -73.98675823125843 40.745686108500514)))",338,MN,831,33,272 Fifth Avenue,1008310033,Marble Collegiate Church,LP-00234,"Borough of Manhattan, Tax Map Block 831, Lot 33.",Designated,,01/11/1967,Individual Landmark,http://s-media.nyc.gov/agencies/lpc/lp/0234.pdf,518.755865967,16318.8875129
"MULTIPOLYGON (((-74.00927897351886 40.7124484657893, -74.00947202503022 40.71220465481963, -74.00952117007307 40.712142588470954, -74.00959281507835 40.712175555621656, -74.00966720116978 40.71220978591392, -74.00982924907004 40.712284353384725, -74.00958676944067 40.71259059157341, -74.00927897351886 40.7124484657893)))",343,MN,88,11,22 Barclay Street,1000880011,Saint Peter's Roman Catholic Church,LP-00078,"Borough of Manhattan Tax Map Block 88, Lot 11.",Designated,,12/21/1965,Individual Landmark,http://s-media.nyc.gov/agencies/lpc/lp/0078.pdf,459.986158497,12993.5984806
"MULTIPOLYGON (((-74.01127654069475 40.70843982269377, -74.0120198112396 40.707529490086905, -74.01281142346062 40.707772040244635, -74.01212142327711 40.70879903895046, -74.01127654069475 40.70843982269377)))",347,MN,49,1,Broadway at Wall Street,1000490001,Trinity Church and Graveyard,LP-00048,"Borough of Manhattan Tax Map Block 49, Lot 1.",Designated,,08/16/1966,Individual Landmark,http://s-media.nyc.gov/agencies/lpc/lp/0048.pdf,1315.61696555,101840.937305
"MULTIPOLYGON (((-73.99750572267075 40.71304968111903, -73.99748308373913 40.71297542002298, -73.99746269075737 40.7129085341529, -73.99757370068886 40.71289932882548, -73.99755834514363 40.71284389487075, -73.99791360317496 40.71281445245999, -73.99798057169578 40.71305620652251, -73.99782025509883 40.713078745178784, -73.99773362148629 40.71309093551818, -73.99752801139553 40.71312275893152, -73.99750572267075 40.71304968111903)))",375,MN,279,69,12 Oliver Street,1002790069,Oliver Street Baptist Church,LP-00093,"Borough of Manhattan Tax Map Block 279, Lot 69.",Designated,now Mariners' Temple,02/01/1966,Individual Landmark,http://s-media.nyc.gov/agencies/lpc/lp/0093.pdf,448.590761406,11602.1571279
"MULTIPOLYGON (((-73.98609487554633 40.745387158503654, -73.98607183767638 40.745377441055105, -73.98625256590384 40.74512982165569, -73.98632749356915 40.74516142664986, -73.98623246690853 40.74529162498126, -73.9861893195775 40.7453507416746, -73.98614676553444 40.74540904616573, -73.98609487554633 40.745387158503654)))",382,MN,859,5,1 East 29th Street,1008590005,Rectory of the Church of the Transfiguration,LP-00471,"Borough of Manhattan Tax Map Block 859, Lot 5.",Designated,also known as the Little Church around the Corner,05/25/1967,Individual Landmark,http://s-media.nyc.gov/agencies/lpc/lp/0471.pdf,253.848347912,2449.68784871
"MULTIPOLYGON (((-73.98309143614239 40.71559337998201, -73.98318868869488 40.71540511103298, -73.98353028500344 40.71550735842021, -73.98343300724076 40.71569558352653, -73.98309143614239 40.71559337998201)))",389,MN,336,17,7-13 Bialystoker Place,1003360017,Willett Street Methodist Episcopal Church,LP-00181,"Borough of Manhattan Tax Map Block 336, Lot 17.",Designated,now Bialystoker Synagogue,04/19/1966,Individual Landmark,http://s-media.nyc.gov/agencies/lpc/lp/0181.pdf,350.895114117,7498.62767874
"MULTIPOLYGON (((-74.01390579802714 40.70836668465176, -74.01393398738121 40.708300706195935, -74.01425069928061 40.7083831173211, -74.01422468532319 40.708449517024235, -74.01390579802714 40.70836668465176)))",391,MN,53,3,103 Washington Street,1000530003,Saint George's Syrian Catholic Church,LP-02167,"Borough of Manhattan Tax Map Block 53, Lot 3",Designated,,07/14/2009,Individual Landmark,http://s-media.nyc.gov/agencies/lpc/lp/2167.pdf,236.737708425,2350.89011689
"MULTIPOLYGON (((-73.99840803274196 40.73002643869891, -73.99860966826353 40.73012598982177, -73.99849904017695 40.73025640187103, -73.99855775374954 40.730285392690305, -73.99852429997269 40.730324829133934, -73.99852227222219 40.73032382774248, -73.99846474015538 40.730391648783964, -73.99820456815712 40.73026318929093, -73.99840803274196 40.73002643869891)))",411,MN,541,23,55 Washington Square South,1005410023,Judson Memorial Church,LP-00196,"Borough of Manhattan Tax Map Block 541, Lot 23.",Designated,,05/17/1966,Individual Landmark,http://s-media.nyc.gov/agencies/lpc/lp/0196.pdf,378.765692862,7779.78846791
"MULTIPOLYGON (((-73.95962625366377 40.77263044330792, -73.95980925901691 40.77238093825947, -73.95995322113946 40.772441992966804, -73.96013564885725 40.7725193581129, -73.96043963362514 40.772648276244865, -73.96025663108416 40.772897781384316, -73.95962625366377 40.77263044330792)))",472,MN,1410,53,1067-1071 Lexington Avenue,1014100053,Saint Jean Baptiste Church,LP-00420,"Borough of Manhattan Tax Map Block 1410, Lot 53.",Designated,,11/19/1969,Individual Landmark,http://s-media.nyc.gov/agencies/lpc/lp/0420.pdf,608.021136474,20808.784298
"MULTIPOLYGON (((-73.99894318963554 40.71486694327631, -73.99888697168228 40.71452769347926, -73.99921413636564 40.71451025329142, -73.99922226832517 40.71458536221559, -73.99922836612332 40.714641699986274, -73.99924674359825 40.71481145531494, -73.999253274547 40.714871785948304, -73.9992631204765 40.71492883874448, -73.99894318963554 40.71486694327631)))",478,MN,164,37,25 Mott Street,1001640037,Zion English Lutheran Church,LP-00085,"Borough of Manhattan Tax Map Block 164, Lot 37.",Designated,now the Church of the Transfiguration,02/01/1966,Individual Landmark,http://s-media.nyc.gov/agencies/lpc/lp/0085.pdf,460.137497672,12197.2619903
"MULTIPOLYGON (((-73.94622737307229 40.811003079586136, -73.94614522111831 40.810968521559865, -73.94632472788756 40.81072420297316, -73.94665033786757 40.81086117303621, -73.94647183544197 40.81110591492382, -73.94622737307229 40.811003079586136)))",482,MN,1913,1,151 West 128th Street,1019130001,Metropolitan Baptist Church,LP-01134,"Borough of Manhattan Tax Map Block 1913, Lot 1.",Designated,originally the New York Presbyterian Church,02/03/1981,Individual Landmark,http://s-media.nyc.gov/agencies/lpc/lp/1134.pdf,410.261586579,10519.2404811
"MULTIPOLYGON (((-73.97429775479429 40.787837186377075, -73.97420620658337 40.78779853173322, -73.9743959656672 40.7875386120306, -73.97480081949288 40.78770955240679, -73.97465720545719 40.78790637942359, -73.97436752430116 40.78778406785832, -73.97434947891831 40.78780878889743, -73.97432580262871 40.78779879166728, -73.97429775479429 40.787837186377075)))",491,MN,1217,1,165 West 86th Street,1012170001,West Park Presbyterian Church,LP-02338,"Borough of Manhattan Tax Map Block 1217, Lot 1",Designated,,01/12/2010,Individual Landmark,http://s-media.nyc.gov/agencies/lpc/lp/2338.pdf,473.112303874,11357.1696069
"MULTIPOLYGON (((-73.94925844915048 40.778445389085974, -73.94936078246168 40.77830427495638, -73.94928528321607 40.778272399089985, -73.94936238845476 40.778166075564826, -73.94952072669618 40.77823292629064, -73.94953783524187 40.778240148608845, -73.94958141150224 40.7781800582499, -73.9496431121524 40.778206108847336, -73.94969690219982 40.77822881779636, -73.94965332601171 40.77828890819852, -73.9497064316436 40.77831132868305, -73.95023027791352 40.77853248986791, -73.9500508450447 40.77877992789501, -73.94925844915048 40.778445389085974)))",492,MN,1550,35,312-316 East 88th Street,1015500035,Church of the Holy Trinity and Saint Christopher House,LP-00446,"Borough of Manhattan Tax Map Block 1550, Lot 35.",Designated,,02/15/1967,Individual Landmark,http://s-media.nyc.gov/agencies/lpc/lp/0446.pdf,805.778741601,27813.7445679
"MULTIPOLYGON (((-73.94058818878288 40.80780956518901, -73.94052550702557 40.80778308613613, -73.9404603670962 40.807755569306025, -73.94042583235283 40.80774098050293, -73.94060849152038 40.80749455253918, -73.94111580941738 40.80770736188877, -73.94093233041299 40.807954936561416, -73.94058818878288 40.80780956518901)))",499,MN,1752,1,2067 Fifth Avenue,1017520001,Saint Andrew's Church,LP-00294,"Borough of Manhattan Tax Map Block 1752, Lot 1.",Designated,,04/12/1967,Individual Landmark,http://s-media.nyc.gov/agencies/lpc/lp/0294.pdf,527.410843661,16568.3751778
"MULTIPOLYGON (((-73.94681275030064 40.79232085951427, -73.94699249798416 40.79207381348338, -73.94709873063118 40.792118703611514, -73.94731197809726 40.79220881531471, -73.94746696598583 40.792274307416186, -73.94741385753667 40.79234730927932, -73.94725427333691 40.79227899373606, -73.94712715225744 40.79245371721842, -73.94681275030064 40.79232085951427)))",507,MN,1633,61,120 East 106th Street,1016330061,Saint Cecilia's Church,LP-00933,"Borough of Manhattan Tax Map Block 1633, Lot 61.",Designated,,09/14/1976,Individual Landmark,http://s-media.nyc.gov/agencies/lpc/lp/0933.pdf,506.63055542,11779.0533359
"MULTIPOLYGON (((-73.97615490791793 40.760946793790566, -73.97576100895435 40.760780161463614, -73.9759214903373 40.760554876257565, -73.97674811460276 40.76090456251551, -73.9765876351729 40.76112984976202, -73.97615490791793 40.760946793790566)))",512,MN,1269,30,Fifth Avenue at West 53rd Street,1012690030,Saint Thomas Church and Parish House,LP-00260,"Borough of Manhattan Tax Map Block 1269, Lot 30.",Designated,,10/19/1966,Individual Landmark,http://s-media.nyc.gov/agencies/lpc/lp/0260.pdf,710.79701751,24459.96781
"MULTIPOLYGON (((-73.94155752970556 40.81600775446328, -73.94173274590946 40.815768271302986, -73.94177402101721 40.815785578996575, -73.94182082106327 40.81580520284028, -73.94186910455868 40.81582544965628, -73.94190337385736 40.815778610464285, -73.94206478501633 40.8158462928979, -73.94203066294571 40.81589293140049, -73.94185530033529 40.81613261574529, -73.94155752970556 40.81600775446328)))",514,MN,1921,51,140 West 137th Street,1019210051,Mother African Methodist Episcopal Zion Church,LP-01849,"Borough of Manhattan Tax Map Block 1921, Lot 51.",Designated,,07/13/1993,Individual Landmark,http://s-media.nyc.gov/agencies/lpc/lp/1849.pdf,426.98627895,10394.2162859
"MULTIPOLYGON (((-73.96456597120667 40.79208320242757, -73.96475210655561 40.79182210358538, -73.96523806434854 40.792025662505345, -73.96505192915147 40.792286762123645, -73.96456597120667 40.79208320242757)))",516,MN,1832,29,1 West 96th Street,1018320029,"First Church of Christ, Scientist",LP-00833,"Borough of Manhattan Tax Map Block 1832, Lot 29",Designated,,07/23/1974,Individual Landmark,http://s-media.nyc.gov/agencies/lpc/lp/0833.pdf,523.675727592,16622.8530717
"MULTIPOLYGON (((-73.97710676450434 40.78904033621096, -73.97711199668696 40.789033126040195, -73.97696358671179 40.78897053058023, -73.97714284850824 40.7887235436009, -73.97762873079978 40.788929190847, -73.97744463400412 40.789182841333144, -73.97710676450434 40.78904033621096)))",535,MN,1234,7502,540 West End Avenue,1012347502,Saint Paul's Methodist Episcopal Church and Parish House,LP-01126,"Borough of Manhattan Tax Map Block 1234, Lot 1.",Designated,now the Church of Saint Paul and Saint Andrew,11/24/1981,Individual Landmark,http://s-media.nyc.gov/agencies/lpc/lp/1126.pdf,519.312431436,16129.9336732
"MULTIPOLYGON (((-73.95612488645743 40.8147634141242, -73.95633200617179 40.814997110523905, -73.95600707947246 40.815160745101146, -73.95581540190216 40.81506281478724, -73.95572612973902 40.81496209055763, -73.95612488645743 40.8147634141242)))",552,MN,1983,11,517-523 West 126th Street,1019830011,"St. Mary's Protestant Episcopal Church, Parish House, and Sunday School",LP-01981,"Borough of Manhattan Tax Map Block 1983, Lot 11.",Designated,,05/19/1998,Individual Landmark,http://s-media.nyc.gov/agencies/lpc/lp/1981.pdf,450.72679493,12879.5966689
"MULTIPOLYGON (((-73.94623502928582 40.80547354546496, -73.9463314592356 40.80534248231023, -73.9463820335895 40.80536373689841, -73.94628590268016 40.805494393208946, -73.94623502928582 40.80547354546496)))",560,MN,1720,66,18 West 122nd Street,1017200066,Rectory of Saint Martin's Episcopal Church,LP-00292,Borough of Manhattan Tax Map Block 1720 Lot 66.,Designated,,07/19/1966,Individual Landmark,http://s-media.nyc.gov/agencies/lpc/lp/0292.pdf,141.245078479,873.934122968
"MULTIPOLYGON (((-73.95342278499693 40.80850976796175, -73.95360207285286 40.80825962065531, -73.95368205837526 40.80829321708402, -73.95375612354455 40.80832433201117, -73.95357683490685 40.808574481355095, -73.95342278499693 40.80850976796175)))",616,MN,1948,41,308 West 122nd Street,1019480041,Mount Olive Fire Baptized Holiness Church,LP-02320,"Borough of Manhattan Tax Map Block 1948, Lot 41.",Designated,formerly the Second Reformed Presbyterian Church,06/23/2009,Individual Landmark,http://s-media.nyc.gov/agencies/lpc/lp/2320.pdf,305.010659755,5056.84635461
"MULTIPOLYGON (((-73.9449611671309 40.814870621180766, -73.94514163122945 40.814626086220215, -73.94510221147732 40.81460950281118, -73.9452866636028 40.81435956472805, -73.94560559204136 40.81449426612997, -73.94542144331817 40.81474379333386, -73.94537491907943 40.81472422240741, -73.94519445557044 40.81496875953019, -73.9449611671309 40.814870621180766)))",620,MN,1939,40,214 West 134th Street,1019390040,Saint Philip's Protestant Episcopal Church,LP-01846,"Borough of Manhattan Tax Map Block 1939, Lot 40.",Designated,,07/13/1993,Individual Landmark,http://s-media.nyc.gov/agencies/lpc/lp/1846.pdf,614.919301567,18075.2841347
"MULTIPOLYGON (((-73.94918294860919 40.77841351315271, -73.94928528321607 40.778272399089985, -73.94936078246168 40.77830427495638, -73.94925844915048 40.778445389085974, -73.94918294860919 40.77841351315271)))",626,MN,1550,34,332 East 88th Street,1015500034,Parsonage of the Church of the Holy Trinity,LP-00447,"Borough of Manhattan Tax Map Block 1550, Lot 34.",Designated,,02/15/1967,Individual Landmark,http://s-media.nyc.gov/agencies/lpc/lp/0447.pdf,165.25152748,1404.18907674
"MULTIPOLYGON (((-73.94804869150488 40.82332054830154, -73.94823082466357 40.82307258410589, -73.94846948790997 40.82317405353109, -73.94828735773655 40.82342201449863, -73.94804869150488 40.82332054830154)))",653,MN,2058,33,467 West 142nd Street,1020580033,Our Lady of Lourdes Roman Catholic Church,LP-00892,"Borough of Manhattan Tax Map Block 2058, Lot 33.",Designated,,07/22/1975,Individual Landmark,http://s-media.nyc.gov/agencies/lpc/lp/0892.pdf,358.299259792,7831.02269821
"MULTIPOLYGON (((-73.97256290741315 40.75731257622804, -73.97273953376569 40.75706930799292, -73.97282019204134 40.7571033256215, -73.97299861674772 40.756857571111745, -73.97370939216253 40.7571573398695, -73.97335435440016 40.75764637031136, -73.97256290741315 40.75731257622804)))",684,MN,1305,1,Park Avenue at East 50th Street,1013050001,Saint Bartholomew's Church and Community House,LP-00275,"Borough of Manhattan Tax Map Block 1305, Lot 1.",Designated,,03/16/1967,Individual Landmark,http://s-media.nyc.gov/agencies/lpc/lp/0275.pdf,908.492974757,48414.1574219
"MULTIPOLYGON (((-73.98249154242727 40.727693771956524, -73.98285644968165 40.727847534709525, -73.98276055979981 40.72797945483363, -73.98239546731786 40.72782594749578, -73.98249154242727 40.727693771956524)))",703,MN,437,25,288 East 10th Street,1004370025,Saint Nicholas of Myra Orthodox Church,LP-02312,"Borough of Manhattan Tax Block 437, Lot 25.",Designated,originally the Memorial Chapel of Saint Mark's Parish,12/16/2008,Individual Landmark,http://s-media.nyc.gov/agencies/lpc/lp/2312.pdf,341.184968218,6356.04659363
"MULTIPOLYGON (((-73.94818179073759 40.80761351323163, -73.94810560591341 40.80758149686788, -73.94802520704295 40.8075477081743, -73.94820780749467 40.80729876296362, -73.94844503603156 40.807398459901066, -73.94826243737877 40.80764740548405, -73.94818179073759 40.80761351323163)))",710,MN,1908,9,147 West 123rd Street,1019080009,Saint Paul's German Evangelical Lutheran Church,LP-01844,"Borough of Manhattan Tax Map Block 1908, Lot 9.",Designated,now Greater Metropolitan Baptist Church,03/08/1994,Individual Landmark,http://s-media.nyc.gov/agencies/lpc/lp/1844.pdf,357.767663086,7792.65901719
"MULTIPOLYGON (((-73.94116183308704 40.81665586873114, -73.94134045762057 40.81641384402606, -73.94158218098895 40.81651564726669, -73.94180731481805 40.8166104078452, -73.94162846004757 40.81685274652154, -73.94116183308704 40.81665586873114)))",722,MN,2006,52,132 West 138th Street,1020060052,Abyssinian Baptist Church and Community House,LP-01851,"Borough of Manhattan Tax Map Block 2006, Lot 52.",Designated,,07/13/1993,Individual Landmark,http://s-media.nyc.gov/agencies/lpc/lp/1851.pdf,497.801877724,14944.616835
"MULTIPOLYGON (((-73.94628590268016 40.805494393208946, -73.9463820335895 40.80536373689841, -73.9463314592356 40.80534248231023, -73.94641647934745 40.80522691405155, -73.94644169066945 40.80523751022754, -73.94651005425476 40.80526623995745, -73.94658009304882 40.80529567461284, -73.94657848905896 40.80529785487709, -73.94689457306627 40.805430692082034, -73.94671758263642 40.805671294761574, -73.94628590268016 40.805494393208946)))",748,MN,1720,67,230 Lenox Avenue,1017200067,Saint Martin's Episcopal Church,LP-00293,"Borough of Manhattan Tax Map Block 1720, Lot 67.",Designated,,07/19/1966,Individual Landmark,http://s-media.nyc.gov/agencies/lpc/lp/0293.pdf,507.647457264,14535.7391319
"MULTIPOLYGON (((-73.94566780305432 40.81403032324823, -73.9455476404894 40.81397977477558, -73.94542303853439 40.8139273591459, -73.94546959505715 40.81386346927733, -73.94550999910817 40.8138080213458, -73.94555505326255 40.813746195571944, -73.94560273440014 40.81368076092542, -73.94587136915335 40.81379376559907, -73.9457767606238 40.8139235989734, -73.94583259131632 40.81394708497295, -73.94574750355308 40.81406385027341, -73.94566780305432 40.81403032324823)))",751,MN,1938,124,209-217 West 132nd Street,1019380124,Saint Aloysius Roman Catholic Church,LP-02164,"Borough of Manhattan Tax Map Block 1938, Lot 124.",Designated,,01/30/2007,Individual Landmark,http://s-media.nyc.gov/agencies/lpc/lp/2164.pdf,410.714277298,9587.77665932
"MULTIPOLYGON (((-73.98469899848473 40.69421724609322, -73.98507560905415 40.69423097343622, -73.9850663811655 40.694435176112194, -73.98468977062777 40.694421447839005, -73.98469899848473 40.69421724609322)))",847,BK,2047,7,311 Bridge Street,3020470007,First Free Congregational Church,LP-02004,"Borough of Brooklyn Tax Map Block 2047, Lot 7.",Designated,"later the Bridge Street African Wesleyan Methodist Episcopal Church, now part of Polytechnic Institute of New York University, Wunsch Student Center",11/24/1981,Individual Landmark,http://s-media.nyc.gov/agencies/lpc/lp/2004.pdf,357.99268852,7782.49451229
"MULTIPOLYGON (((-74.00004206593363 40.60837912126682, -74.00026624989616 40.60816594050368, -74.00011638051149 40.60807543473564, -74.00034002559887 40.60786276531887, -74.00111307159564 40.60832959710682, -74.00062001583656 40.60872899472089, -74.00004206593363 40.60837912126682)))",856,BK,6327,10,"18th Avenue, from 83rd to 84th Streets",3063270010,"New Utrecht Reformed Dutch Church and Parish House, Expanded Landmark Site",LP-00172E,"Borough of Brooklyn Tax Map Block 6327, Lot 10.",Designated,,01/13/1998,Individual Landmark,http://s-media.nyc.gov/agencies/lpc/lp/0172E.pdf,930.511421488,47619.6749459
"MULTIPOLYGON (((-74.00545213951033 40.61088423982699, -74.00599402229761 40.610363019021435, -74.00651414647895 40.61067646759957, -74.00599866909874 40.61117229296481, -74.00545213951033 40.61088423982699)))",859,BK,6325,1,"adjacent to 16th Avenue, from 84th to 85th Streets",3063250001,New Utrecht Reformed Dutch Church Cemetery,LP-01978,"Borough of Brookly Tax Map Block 6325, Lot 1.",Designated,,01/13/1998,Individual Landmark,http://s-media.nyc.gov/agencies/lpc/lp/1978.pdf,841.351260709,43518.2415084
"MULTIPOLYGON (((-73.97079919645411 40.68583230920474, -73.97078579437617 40.68576540393509, -73.97087738057708 40.6857547452561, -73.97093653059915 40.68574786137474, -73.97094993045883 40.685814766626365, -73.97094973880833 40.685814789991355, -73.97099136684221 40.68602262735617, -73.97084082284675 40.68604014662329, -73.97079919645411 40.68583230920474)))",868,BK,1957,28,40 Greene Avenue,3019570028,Saint Casimir's Roman Catholic Church,LP-02476,"Borough of Brooklyn, Tax Map Block 1957, Lot 28",Designated,now the Paul Robeson Theatre,10/25/2011,Individual Landmark,http://s-media.nyc.gov/agencies/lpc/lp/2476.pdf,287.088524701,4277.94350783
"MULTIPOLYGON (((-73.96547368549258 40.68834602856019, -73.96552803884394 40.68861385215723, -73.96536380751239 40.68863299368601, -73.9653789409646 40.688707562554406, -73.96539211328853 40.68877247192319, -73.96510026514028 40.68880648622798, -73.96501709020606 40.68839924608687, -73.96547368549258 40.68834602856019)))",869,BK,1932,42,279 Lafayette Avenue,3019320042,Emmanuel Baptist Church,LP-00160,"Borough of Brooklyn Tax Map Block 1932, Lot 42W.",Designated,,11/12/1968,Individual Landmark,http://s-media.nyc.gov/agencies/lpc/lp/0160.pdf,556.364462126,16854.7668887
"MULTIPOLYGON (((-73.95179208838266 40.67841988626765, -73.9518175558865 40.67813679133323, -73.95184287055076 40.67785538838672, -73.95226267852287 40.67787845531332, -73.95223701626999 40.67816374302671, -73.9522549957449 40.678164744657074, -73.9522298520173 40.67844425937478, -73.95179208838266 40.67841988626765)))",872,BK,1200,16,1227 Pacific Street,3012000016,Saint Bartholomew's Church,LP-00820,"Borough of Brooklyn Tax Map Block 1200, Lot 16.",Designated,,03/19/1974,Individual Landmark,http://s-media.nyc.gov/agencies/lpc/lp/0820.pdf,655.893870047,24583.3401138
"MULTIPOLYGON (((-73.94749636490685 40.68619639167617, -73.94766012189656 40.686177629327844, -73.94765985442727 40.68617627213185, -73.94781183260264 40.68615885858233, -73.94788116448541 40.68615091415406, -73.94795361612513 40.686142612690574, -73.94802264510632 40.686134703160086, -73.94807782033637 40.68641540291283, -73.9475515733732 40.68647570040145, -73.94749636490685 40.68619639167617)))",877,BK,1813,41,800 Marcy Avenue,3018130041,Saint George's Episcopal Church,LP-00946,"Borough of Brooklyn Tax Map Block 1813, Lot 41.",Designated,,01/11/1977,Individual Landmark,http://s-media.nyc.gov/agencies/lpc/lp/0946.pdf,502.080113176,15243.2636556
"MULTIPOLYGON (((-73.97375120896508 40.685329749414485, -73.9737435486237 40.68529246549527, -73.97373608074585 40.685256112750565, -73.97372910640313 40.68522216629082, -73.97372250634426 40.685190046157935, -73.97378132425253 40.685183394871736, -73.97375354256855 40.68504817638902, -73.9740595512903 40.68501356969345, -73.97414441728397 40.68542872025331, -73.97378000970376 40.68546993085663, -73.97375120896508 40.685329749414485)))",879,BK,2004,33,88 Hanson Place,3020040033,Hanson Place Baptist Church,LP-00664,"Borough of Brooklyn Tax Map Block 2004, Lot 33.",Designated,now Hanson Place Seventh Day Adventist Church,10/13/1970,Individual Landmark,http://s-media.nyc.gov/agencies/lpc/lp/0664.pdf,510.611462454,14826.3727292
"MULTIPOLYGON (((-73.9668259455501 40.68249126035406, -73.96729778486119 40.68243718266734, -73.9673001592953 40.68244854422845, -73.96727957321707 40.68245090312653, -73.9672937419443 40.682518669041976, -73.9673079106973 40.68258644125866, -73.96759204680784 40.68255387529638, -73.96764766698591 40.68281989921299, -73.96733397776941 40.68285585276455, -73.9669079026912 40.682904685666394, -73.9668259455501 40.68249126035406)))",887,BK,2010,10,520 Clinton Avenue,3020100010,Saint Luke's Episcopal Church,LP-02014,"Borough of Brooklyn, Tax Map Block 2010, Lot 10.",Designated,now the Church of Saint Luke and Saint Matthew,05/12/1981,Individual Landmark,http://s-media.nyc.gov/agencies/lpc/lp/2014.pdf,729.958862911,27218.2718319
"MULTIPOLYGON (((-73.92561153555003 40.694360729715314, -73.9259349097294 40.694041335382884, -73.9262352322824 40.694202492277384, -73.92609582462536 40.69435629331836, -73.92604343953357 40.694414086112545, -73.92600435114196 40.694457210870894, -73.92598993848407 40.69447311186782, -73.9259722223661 40.694463604563595, -73.92594511709045 40.694491317524076, -73.92591405805088 40.69452306853498, -73.92561153555003 40.694360729715314)))",898,BK,3264,1,855-867 Bushwick Avenue,3032640001,Reformed Church of South Bushwick,LP-00168,"Borough of Brooklyn Tax Map Block 3264, Lot 36.",Designated,,03/19/1968,Individual Landmark,http://s-media.nyc.gov/agencies/lpc/lp/0168.pdf,504.252112225,15348.0047916
"MULTIPOLYGON (((-73.95871792193107 40.64989038574768, -73.95909057019402 40.64983884720169, -73.95900759275152 40.64948370482341, -73.9589916851335 40.64941747058, -73.95897168092306 40.64933183051749, -73.95906541125237 40.64931886764531, -73.95906020160442 40.64929825023951, -73.95941037929667 40.649263267677, -73.95946847424425 40.64956197547052, -73.95974331811415 40.649534517062314, -73.95985847356401 40.65012658732086, -73.9588038591488 40.65025087485166, -73.95871792193107 40.64989038574768)))",910,BK,5102,1,890 Flatbush Avenue,3051020001,"Flatbush Dutch Reformed Church, Expanded Site",LP-00170E,"Borough of Brooklyn Tax Map Block 5102, Lot 1.",Designated,,01/09/1979,Individual Landmark,http://s-media.nyc.gov/agencies/lpc/lp/0170E.pdf,1259.43310519,70312.7242021
"MULTIPOLYGON (((-73.95941037929667 40.649263267677, -73.95968521959539 40.64923580940587, -73.95974331811415 40.649534517062314, -73.95946847424425 40.64956197547052, -73.95941037929667 40.649263267677)))",915,BK,5102,143,2101-2103 Kenmore Terrace,3051020143,Flatbush Dutch Reformed Church Parsonage,LP-01013,"Borough of Brooklyn Tax Map Block 5102, Lot 143.",Designated,,01/09/1979,Individual Landmark,http://s-media.nyc.gov/agencies/lpc/lp/1013.pdf,373.869257828,8461.13969458
"MULTIPOLYGON (((-73.9618545178286 40.70885622519577, -73.9617648162796 40.70884078048629, -73.96168200486817 40.70882653297893, -73.96174304353633 40.70851679635279, -73.96199333469465 40.708544932888366, -73.96194306337625 40.70887147044018, -73.96193262704004 40.70886967407171, -73.9618545178286 40.70885622519577)))",929,BK,2139,37,179 South 9th Street,3021390037,New England Congregational Church,LP-02009,"Borough of Brooklyn Tax Map Block 2139, Lot 37.",Designated,now Light of the World Church,11/24/1981,Individual Landmark,http://s-media.nyc.gov/agencies/lpc/lp/2009.pdf,378.239994533,8421.30801834
"MULTIPOLYGON (((-73.9557357903303 40.70839710840017, -73.95584446732101 40.708223508160096, -73.95586134305624 40.70822738953205, -73.95602286060927 40.708264543409214, -73.95642270402551 40.70835651789888, -73.95628088748666 40.70858336773524, -73.9557357903303 40.70839710840017)))",933,BK,2462,2,334 South 5th Street,3024620002,"Saint Paul's Evangelical Lutheran Church, Sunday School and Parsonage",LP-02418,"Borough of Brooklyn Tax Map Block 2462, Lot 2",Designated,,04/12/2011,Individual Landmark,http://s-media.nyc.gov/agencies/lpc/lp/2418.pdf,494.722164991,13379.0146481
"MULTIPOLYGON (((-73.90211132819039 40.84807307755718, -73.90251832551333 40.848094874642086, -73.9024426445701 40.848419833528716, -73.90238488428975 40.84840496706242, -73.90232547920955 40.848382053274086, -73.90227604756892 40.848355675605355, -73.9022227385658 40.848316960583105, -73.9021820985726 40.848276321121, -73.90215073268615 40.84823280343277, -73.902123482886 40.84817320282964, -73.9021138885473 40.848133445147525, -73.90211132819039 40.84807307755718)))",944,BX,2803,26,324 East Tremont Avenue,2028030026,Tremont Baptist Church,LP-02048,"Borough of the Bronx Tax Map Block 2803, Lot 26.",Designated,,02/08/2000,Individual Landmark,http://s-media.nyc.gov/agencies/lpc/lp/2048.pdf,401.928263015,9673.22774331
"MULTIPOLYGON (((-73.84300136283446 40.838422292300464, -73.84302355417925 40.83840363723544, -73.84299786655906 40.8384201569703, -73.84299705060242 40.838415221147436, -73.84327021435809 40.8382387417622, -73.84365662679645 40.837966705284686, -73.84394304186647 40.83771174610953, -73.84418837455212 40.83749143039927, -73.8450642357945 40.837936638968536, -73.8447923679535 40.83816398790312, -73.84385792635331 40.83894539899951, -73.84300136283446 40.838422292300464)))",947,BX,3848,18,2500 Westchester Avenue,2038480018,"Saint Peter's Church, Chapel and Cemetery",LP-00917,"Tax Map Block 3848, Lots 18 and 6 in part (that portion of the lot extending to the western boundary of the cemetery which stretches from Westchester Avenue to Butler Place).",Designated,,03/23/1976,Individual Landmark,http://s-media.nyc.gov/agencies/lpc/lp/0917.pdf,1584.79621661,139604.419675
"MULTIPOLYGON (((-73.91686277846308 40.80862691889534, -73.91651809728289 40.80848213533276, -73.91672510933945 40.80816175715595, -73.916907934906 40.80787891825085, -73.91723699948133 40.80801714192963, -73.91732346585125 40.80805346163881, -73.91740250418081 40.80808666203773, -73.91744534359137 40.80810465586449, -73.91756576455425 40.808155238381175, -73.9176981766542 40.80821085681501, -73.91782975625156 40.80826612600983, -73.91808961007585 40.808375273930764, -73.9180291041585 40.80851158078286, -73.91800065366259 40.808575929972065, -73.91838090317991 40.80873564743618, -73.91836642874443 40.8087609294835, -73.91805564737768 40.8086303915904, -73.9180233006308 40.80868275058108, -73.91799161053308 40.808734044739836, -73.91794691676972 40.80871527266851, -73.91788262578598 40.80880953517915, -73.9178320358909 40.80899234981153, -73.91782750547144 40.80899968294186, -73.91716939366745 40.80871871397341, -73.91686277846308 40.80862691889534)))",952,BX,2267,44,295 Saint Ann's Avenue,2022670044,Saint Ann's Church and Graveyard,LP-00101,"Borough of the Bronx Tax Map Block 2267, Lot 44.",Designated,,06/09/1967,Individual Landmark,http://s-media.nyc.gov/agencies/lpc/lp/0101.pdf,1499.17419599,94552.6163442
"MULTIPOLYGON (((-73.88321956492207 40.871211580135785, -73.88346063662424 40.871128188220084, -73.88360535416399 40.87136775811866, -73.88346323844334 40.87146371938144, -73.88321956492207 40.871211580135785)))",973,BX,3299,1,2988 Bainbridge Avenue,2032990001,Bedford Park Congregational Church,LP-02062,"Borough of Bronx Tax Map Block 3299, Lot 1.",Designated,,06/20/2000,Individual Landmark,http://s-media.nyc.gov/agencies/lpc/lp/2062.pdf,335.830851386,6501.2415929
"MULTIPOLYGON (((-73.89901429898063 40.86428278395245, -73.89930080605147 40.86391411708956, -73.89928102948674 40.8639056037044, -73.89953724136653 40.86357591991599, -73.90006108797336 40.86380142892, -73.89951837260902 40.8644997828592, -73.89901429898063 40.86428278395245)))",978,BX,3190,1,2500 Jerome Avenue,2031900001,Saint James Episcopal Church and Parish House,LP-01081,"Borough of The Bronx, Tax Map Block 3190, Lot 1.",Designated,,11/25/1980,Individual Landmark,http://s-media.nyc.gov/agencies/lpc/lp/1081.pdf,923.977783799,48220.0919929
"MULTIPOLYGON (((-73.90844092160202 40.89569013570042, -73.90925919196773 40.89559378878693, -73.90936190241074 40.895794492068774, -73.90946260273384 40.895767267493476, -73.9095155636239 40.895563602264346, -73.90991329808907 40.89551676755479, -73.91013717933151 40.895490404765006, -73.91002731883141 40.89553922722049, -73.91002880286192 40.895643071375545, -73.90991558096019 40.89565448767003, -73.90964736776331 40.89568153032526, -73.90955130489135 40.89571252452269, -73.90964082355015 40.895883732644485, -73.90839004100951 40.896244361665964, -73.90841277192132 40.89599756766374, -73.90844092160202 40.89569013570042)))",979,BX,5912,13,4765 Henry Hudson Parkway,2059120013,Riverdale Presbyterian Church,LP-00128,"Borough of The Bronx Tax Map Block 5912, Lot 13.",Designated,,04/19/1966,Individual Landmark,http://s-media.nyc.gov/agencies/lpc/lp/0128.pdf,1434.19865269,55139.5345372
"MULTIPOLYGON (((-73.91002880286192 40.895643071375545, -73.91003063833323 40.89577133694756, -73.90991805936875 40.89580379627183, -73.90964082355015 40.895883732644485, -73.90955130489135 40.89571252452269, -73.90964736776331 40.89568153032526, -73.90991558096019 40.89565448767003, -73.91002880286192 40.895643071375545)))",989,BX,5912,55,4765 Henry Hudson Parkway,2059120055,Riverdale Presbyterian Church Rectory,LP-00129,"Borough of The Bronx Tax Map Block 5912, Lot 55.",Designated,also known as Duff House,04/19/1966,Individual Landmark,http://s-media.nyc.gov/agencies/lpc/lp/0129.pdf,364.372493544,7368.38327407
"MULTIPOLYGON (((-73.83135874632423 40.7600815220025, -73.83139488770576 40.760151962979364, -73.83135241093558 40.76016456372396, -73.83136836745055 40.760195665355674, -73.83137159057688 40.760201946602585, -73.83134987175163 40.760206219229495, -73.83128011161712 40.76022617315944, -73.83130821618208 40.7602878161515, -73.83127994106147 40.76029350466602, -73.83133052790271 40.760405320766004, -73.83118819346112 40.760444223973536, -73.83119838134893 40.760464080657094, -73.8311569330837 40.76047637576379, -73.8312004811724 40.7605612528625, -73.83120345006311 40.76057018573217, -73.83083099285045 40.76069421633732, -73.83063994251667 40.760299521986724, -73.83135318465736 40.76007320488896, -73.83135874632423 40.7600815220025)))",1019,QN,4975,1,38-02 Main Street,4049750001,"Saint George's Church, Old Parish House and Graveyard",LP-02053,Too long,Designated,,02/08/2000,Individual Landmark,http://s-media.nyc.gov/agencies/lpc/lp/2053.pdf,738.533907137,25224.1773148
"MULTIPOLYGON (((-73.93826622292667 40.80878190890888, -73.93783436726338 40.808600140928405, -73.93801129339563 40.80835817688489, -73.93808968719593 40.808391173641574, -73.93826817109586 40.80814707675275, -73.93834039971001 40.80817747750438, -73.93862162978884 40.80829584767949, -73.93826622292667 40.80878190890888)))",1026,MN,1754,0,47 East 129th Street,0,Church of All Saints Complex,LP-02165,"Borough of Manhattan Tax Map Block 1754, Lots 20 and 24.",Designated,,01/30/2007,Individual Landmark,http://s-media.nyc.gov/agencies/lpc/lp/2165.pdf,678.504436334,25162.6914726
"MULTIPOLYGON (((-73.92538704312683 40.83967495341557, -73.92507007183242 40.83957083007103, -73.92508313346309 40.83954769767041, -73.92494013304815 40.83950072229946, -73.92510209277117 40.83920754040082, -73.9255650910707 40.839359633641344, -73.92538704312683 40.83967495341557)))",1028,BX,2518,14,1272 Ogden Avenue,2025180014,Union Reformed Church of Highbridge,LP-02401,"Borough of the Bronx Tax Map Block 2518, Lot 14 in part, excluding the easternmost 50 feet of the lot.",Designated,now Highbridge Community Church,11/16/2010,Individual Landmark,http://s-media.nyc.gov/agencies/lpc/lp/2401.pdf,528.260919877,16991.316977
"MULTIPOLYGON (((-73.99119019227686 40.732271750912965, -73.99063030239718 40.732170022229106, -73.99067483084652 40.731956671126454, -73.99039602451492 40.73190113727967, -73.99043492335421 40.73172164670486, -73.9907867564438 40.73178557365907, -73.99081715278253 40.73164531021436, -73.99076958738347 40.73163666783533, -73.99078917720888 40.73154626827578, -73.9913008426635 40.73176114863402, -73.99119019227686 40.732271750912965)))",1047,MN,557,1,800 Broadway,1005570001,Grace Church,LP-00203,"Borough of Manhattan Tax Map Block 557, Lot 1.",Designated,,03/15/1966,Individual Landmark,http://s-media.nyc.gov/agencies/lpc/lp/0203.pdf,933.893212007,37727.4009769
"MULTIPOLYGON (((-73.9849056999914 40.76958229130728, -73.98488193484472 40.769614833284685, -73.98505497779011 40.769687873177304, -73.98507902468911 40.76964515641326, -73.98530759127067 40.76974138476153, -73.98529676083682 40.769756434393365, -73.98548098958811 40.76983421261958, -73.98547405841066 40.76984384443043, -73.98556322333339 40.76988148767256, -73.9855315460916 40.76992550390505, -73.98556639808427 40.769988933428465, -73.98557904294164 40.77004019796533, -73.98554101872325 40.77009226840712, -73.98549455433924 40.77010453912875, -73.98541954539216 40.77010682414364, -73.98539296187893 40.77010426875018, -73.9853539113848 40.77015792388542, -73.98533949448955 40.77017766558718, -73.98533131331479 40.77018880377195, -73.9845525808757 40.76986017316724, -73.98455875943313 40.76984812526046, -73.98478889101662 40.7695329868917, -73.9849056999914 40.76958229130728)))",1054,MN,1131,31,8 Columbus Avenue,1011310031,Church of Saint Paul the Apostle,LP-02260A,"Borough of Manhattan Tax Map Block 1131, Lot 31 in part, consisting of the land beneath the Church of St. Paul the Apostle, including the West 60th Street areaway.",Designated,,07/23/2013,Individual Landmark,http://s-media.nyc.gov/agencies/lpc/lp/2260A.pdf,835.379770056,34614.71099
"MULTIPOLYGON (((-73.98368186228478 40.7316660558008, -73.98349512176569 40.73158703029398, -73.98361764241098 40.73141990984238, -73.98380452352298 40.73149874336387, -73.98368186228478 40.7316660558008)))",1061,MN,455,24,334 East 14th Street,1004550024,First German Baptist Church,LP-02475,"Manhattan Block 455, Lot 24 in part, beginning at a point at the northwest corner of lot 24, proceeding south along the western lot line for 69 feet 8 inches, then east at a 90 degree angle through the lot to the eastern lot line, then north along the ea",Designated,"later Ukranian Autocephalic Church of St. 
Volodymyr/later Congregation Tifereth Israel Town and Village Synagogue",10/28/2014,Individual Landmark,http://s-media.nyc.gov/agencies/lpc/lp/2475.pdf,257.960759459,4131.24989753
"MULTIPOLYGON (((-73.96139074473908 40.69287598771272, -73.96133381137892 40.69288327986329, -73.96102589135829 40.69292271752178, -73.96100305728339 40.692911285878914, -73.96099599281192 40.69287932788098, -73.96097163470034 40.69288244800518, -73.96095705269114 40.69281648768638, -73.96104339510414 40.69280542892944, -73.96103778198454 40.69278004066724, -73.96096352694711 40.69278955103622, -73.96095371673307 40.692745174929954, -73.96101176811862 40.69273774016453, -73.96101708269109 40.69276178115955, -73.96113820686561 40.69274626756335, -73.9613559017884 40.69271838444242, -73.96139074473908 40.69287598771272)))",1068,BK,1909,47,230 Classon Avenue,3019090047,Saint Mary's Episcopal Church,LP-02013,"Borough of Brooklyn, Tax Map Block 1909, Lot 47, in part, consisting of the land on which the described building is situated.",Designated,,10/27/1981,Individual Landmark,http://s-media.nyc.gov/agencies/lpc/lp/2013.pdf,402.853498443,6457.40554268
"MULTIPOLYGON (((-73.93791663094434 40.84546532922672, -73.93767693718496 40.84536405844183, -73.93766222735654 40.845357674105, -73.93779698801069 40.84517366724658, -73.93812319079814 40.84531126327067, -73.93793512970335 40.845568051168755, -73.93786341193542 40.84553780013164, -73.93791663094434 40.84546532922672)))",1077,MN,2143,38,21 Wadsworth Avenue,1021430038,Fort Washington Presbyterian Church,LP-02337,"Borough of Manhattan Tax Map Block 2143, Lot 38 in part, excluding the Sunday School",Designated,,05/12/2009,Individual Landmark,http://s-media.nyc.gov/agencies/lpc/lp/2337.pdf,420.513656713,8614.39808763
"MULTIPOLYGON (((-73.8864229029417 40.86376389100455, -73.88636708455742 40.86373209016307, -73.88635424978443 40.86374507339767, -73.88626592281786 40.86369475161742, -73.88618554716138 40.86364895897405, -73.88620248475564 40.86363182494231, -73.88614582407337 40.86359954320077, -73.88618319132621 40.86356174146492, -73.88630484818289 40.86343866803, -73.88635866369239 40.86346932510919, -73.88638581496814 40.86348479795753, -73.88657232543457 40.86329611532154, -73.8866231263768 40.86332505748255, -73.88666022348963 40.86328752817391, -73.88670957642526 40.86331564582635, -73.88667247932453 40.86335317515066, -73.88670638498557 40.86337249244744, -73.88651674502078 40.8635643419453, -73.88659636952657 40.86360970678786, -73.88650098004572 40.863706206785814, -73.88648751040085 40.863698532164186, -73.88642848265411 40.863758246820915, -73.8864229029417 40.86376389100455)))",1093,BX,3273,1,"Fordham University, East Forham Road and East 191st Street",2032730001,Saint John's Church,LP-00117,"Borough of The Bronx Tax Map Block 3273, Lot 1 in part, consisting of the land on which the described building is situated.",Designated,"now University Chapel, designated as Fordham University Chapel",08/18/1970,Individual Landmark,http://s-media.nyc.gov/agencies/lpc/lp/0117.pdf,572.058530314,12066.0422961
"MULTIPOLYGON (((-73.90649802506887 40.89928497007303, -73.90643185504126 40.899257687622104, -73.90637754700712 40.899235295377466, -73.90635602423413 40.8992653486889, -73.90633079047738 40.899254944735084, -73.90623500783637 40.89921545188854, -73.90621824268298 40.89920853966156, -73.90625232839592 40.899160943440094, -73.90622640321472 40.899150254348726, -73.90622480503914 40.899139040221726, -73.90624560723367 40.89910999309016, -73.90626039889864 40.8991058817846, -73.90627908674655 40.8991076294888, -73.9062874568592 40.89911108063548, -73.90631319022266 40.89907514788991, -73.9064582599573 40.89911981608016, -73.90643055869471 40.899158496440876, -73.906456638101 40.899169249545686, -73.90650637734655 40.89918975694209, -73.90652369299927 40.899165577655936, -73.90656988708069 40.89918462427057, -73.90649802506887 40.89928497007303)))",1150,BX,5833,4265,5040 Henry Hudson Parkway,2058334265,Christ Church,LP-00126,"Borough of The Bronx Tax Map Block 5833, Lot 5265 in part, consisting of the land on which the described main church building is siuated.",Designated,,01/11/1967,Individual Landmark,http://s-media.nyc.gov/agencies/lpc/lp/0126.pdf,314.20360792,4035.79277015
"MULTIPOLYGON (((-73.8774985434337 40.738955028323225, -73.87768104409106 40.73927565285203, -73.87757191145303 40.739317804043196, -73.87732420902648 40.739421291607066, -73.87731984793493 40.73941525355653, -73.8773014163458 40.73938973062798, -73.87727924226694 40.7393989948431, -73.87726117615182 40.73938910061743, -73.8772445749965 40.739366110959025, -73.87724574482374 40.739349982302855, -73.87726646273572 40.739341327086905, -73.87724284820462 40.73930862607712, -73.87733296617465 40.739270975497156, -73.8774034526677 40.73924152739118, -73.87735610895784 40.73916828097259, -73.87727263073724 40.73920196290312, -73.87717588543059 40.73905905896902, -73.8774985434337 40.738955028323225)))",1155,QN,1836,1,85-15 Broadway,4018360001,Reformed Dutch Church of Newtown and Fellowship Hall,LP-00138,"Borough of Queens Tax Map Block 1836, Lot 112.",Designated,,07/19/1966,Individual Landmark,http://s-media.nyc.gov/agencies/lpc/lp/0138.pdf,563.788593356,12687.949814
"MULTIPOLYGON (((-73.88595374876839 40.66480063582743, -73.88585785618928 40.66465183298506, -73.88600137363285 40.66459820544214, -73.88609726527245 40.664747008164646, -73.88595374876839 40.66480063582743)))",1161,BK,4307,1,630 New Lots Avenue,3043070001,New Lots Reformed Dutch Church,LP-00169,"Borough of Brooklyn Tax Map Block 4307, Lot 1 SE in part, consisting of the land on which the described building is situated.",Designated,now New Lots Community Church,07/19/1966,Individual Landmark,http://s-media.nyc.gov/agencies/lpc/lp/0169.pdf,209.479247644,2678.29660749
"MULTIPOLYGON (((-73.95909128709549 40.65003293151784, -73.95910134634325 40.65007154298706, -73.9591521475506 40.65006386521767, -73.95918507899073 40.6500793829218, -73.95919482689725 40.65011679568322, -73.95917061003357 40.650134729901936, -73.95911980995669 40.65014240767986, -73.95912423448038 40.65015939301444, -73.95912983502981 40.650180888558914, -73.95885297058717 40.65022273144633, -73.95884042262936 40.650174568175714, -73.95882341081344 40.650177139367706, -73.95880948400493 40.65012368595933, -73.95882805781466 40.65012087849243, -73.95881598524784 40.650074538936906, -73.95882271334129 40.65007352286054, -73.95907096685725 40.65003600225745, -73.95909128709549 40.65003293151784)))",1162,BK,5102,1,890 Flatbush Avenue,3051020001,Flatbush Dutch Reformed Church,LP-00170,"Borough of Brooklyn Tax Map Block 5102, Lot 1 SE in part, consisting of the land on which the described building is situated.",Amended,,03/15/1966,Individual Landmark,http://s-media.nyc.gov/agencies/lpc/lp/0170.pdf,312.621671187,4928.71199899
"MULTIPOLYGON (((-74.00038262104353 40.607955186613765, -74.00049827515022 40.60802523143898, -74.00047777594344 40.60804489081202, -74.00051240014936 40.608065861108294, -74.00044681065326 40.6081287646132, -74.00039899794774 40.608174618445645, -74.00036691414573 40.60815518799919, -74.00034862323976 40.608172729315285, -74.0003401535815 40.60816759996993, -74.0003091947795 40.608171247169615, -74.00027339844367 40.608149568104736, -74.0002691753612 40.60812879578421, -74.00027795445257 40.608102045770764, -74.00024825044366 40.60808405521927, -74.00033664577595 40.60799927989529, -74.00038262104353 40.607955186613765)))",1164,BK,6327,10,"18th Avenue, from 83rd to 84th Streets",3063270010,New Utrecht Reformed Dutch Church,LP-00172,"Borough of Brooklyn Tax Map Block 6327, Lot 10 SE in part, consisting of the land on which the described building is situated.",Amended,,03/15/1966,Individual Landmark,http://s-media.nyc.gov/agencies/lpc/lp/0172.pdf,245.204918811,3438.34760038
"MULTIPOLYGON (((-73.93656765237662 40.62444264749829, -73.93643066501059 40.62431428281482, -73.93621258026859 40.62444822967793, -73.93572493649278 40.62399151315837, -73.93589376047615 40.62358687305796, -73.93604319503852 40.62371034828807, -73.9363339752471 40.62362100066546, -73.93639235571342 40.623727679804446, -73.93614565160678 40.62380348392343, -73.93624925052558 40.623890034594766, -73.93666610760232 40.62423828817791, -73.93668419400286 40.62423186662427, -73.93676526266711 40.624321275274134, -73.93656765237662 40.62444264749829)))",1165,BK,7812,1,Kings Highway at East 40th Street,3078120001,Flatlands Dutch Reformed Church,LP-00177,"Borough of Brooklyn Tax Map Block 7812, Lot 1 NW.",Designated,,07/19/1966,Individual Landmark,http://s-media.nyc.gov/agencies/lpc/lp/0177.pdf,1101.40085408,43148.6571508
"MULTIPOLYGON (((-73.99895964634138 40.74949170123306, -73.99852665952118 40.74931669216375, -73.99870067959306 40.74907973779228, -73.99871298454043 40.74908493385051, -73.99875662997135 40.74902550453007, -73.99898029674249 40.74911994730321, -73.99893665263335 40.74917937670765, -73.99912881403151 40.749260512117075, -73.99895964634138 40.74949170123306)))",1166,MN,751,76,300 Ninth Avenue,1007510076,Church of the Holy Apostles,LP-00231,"Borough of Manhattan Tax Map Block 751, Lot 76.",Designated,,10/19/1966,Individual Landmark,http://s-media.nyc.gov/agencies/lpc/lp/0231.pdf,516.420193925,15013.0481947
"MULTIPOLYGON (((-74.16315947102896 40.600344198500835, -74.16312348379007 40.60015504232991, -74.16303798963924 40.5997056662749, -74.16300179125531 40.59951539640652, -74.16299749355322 40.599492802054456, -74.16299237127042 40.599465876451305, -74.16398788441178 40.59942828707862, -74.16404012804857 40.5999483235918, -74.16387886501124 40.59996019113313, -74.16372312299882 40.5999716516507, -74.16375216038092 40.600300586044256, -74.16315947102896 40.600344198500835)))",1186,SI,2100,0,1970 Richmond Avenue,0,Asbury Methodist Church,LP-00364,"Borough of Richmond Tax Map Block 2100, Lot 400.",Designated,now Sun-Rise Interfaith Charismatic Church,03/19/1968,Individual Landmark,http://s-media.nyc.gov/agencies/lpc/lp/0364.pdf,1164.05466879,73379.7761603
"MULTIPOLYGON (((-73.9644512455495 40.76627856487858, -73.96449258147013 40.76622198185534, -73.96449860021077 40.76621374409934, -73.96449092825435 40.7662105044235, -73.96437862340355 40.7661630771354, -73.96426628792534 40.766115637120905, -73.96438281777769 40.7659562849083, -73.96446717106608 40.765991908776066, -73.96447029658289 40.76598763054522, -73.96449860519061 40.765948879781, -73.96452187319107 40.7659587051429, -73.96452941613994 40.76594837958569, -73.96456749041414 40.765964458092746, -73.96461356582822 40.76598391593472, -73.96462824753024 40.765963818493645, -73.9646647481364 40.76597923281398, -73.96475717260127 40.766018264650256, -73.96476815773093 40.766022903804256, -73.96484900274321 40.766057044990184, -73.96494241617148 40.76609649301189, -73.96491057691166 40.76614007311207, -73.96490311696789 40.766150284355234, -73.96496377989843 40.766175902344145, -73.9650580366622 40.76621570712731, -73.96505430906834 40.766220809152394, -73.96505178449684 40.76622426542112, -73.9650573616654 40.76623356211409, -73.9650153743313 40.766291038441786, -73.96503711736484 40.76630022027624, -73.96500523184356 40.766343866124025, -73.96495301924116 40.766415337654664, -73.96493127499726 40.766406155804155, -73.96492052121326 40.76642087576882, -73.96489634207072 40.76645397452897, -73.96483373101414 40.76642753375105, -73.9648267202377 40.766437130081805, -73.96474652486415 40.76640326283426, -73.96450740163058 40.7663022798524, -73.9644512455495 40.76627856487858)))",1193,MN,1400,20,869 Lexington Avenue and 141-151 East 65th Street,1014000020,Church of Saint Vincent Ferrer Complex,LP-00416,"Borough of Manhattan Tax Map Block 1400, Lot 20 in part, consisting of the land on which the described building is situated.",Designated,,02/28/1967,Individual Landmark,http://s-media.nyc.gov/agencies/lpc/lp/0416.pdf,685.231838788,22296.6173806
"MULTIPOLYGON (((-73.95845419224614 40.77888029038574, -73.95860455134661 40.778668443713514, -73.95861074045538 40.778659724572314, -73.95863941859368 40.77867148552307, -73.95870086907301 40.778696688307186, -73.95871009843277 40.778700473724, -73.95870323825514 40.77871013725683, -73.95870199213488 40.778711893690094, -73.95887506446118 40.77878287554047, -73.9589662877017 40.77882028880822, -73.9589737181498 40.778809819513455, -73.95909966928751 40.778861474770245, -73.95910856754634 40.7788489375342, -73.95921313120215 40.77889182138766, -73.95924044520775 40.77890302339413, -73.95907251705083 40.77913258383098, -73.95898509381567 40.779096729870616, -73.9589718749853 40.779115353853776, -73.95896887410004 40.7791195815436, -73.95896789237969 40.779120965265896, -73.95893284114798 40.77910658976989, -73.95893412046726 40.77910478742042, -73.95893701464476 40.779100710977836, -73.95893850738133 40.77909860793663, -73.95880357047669 40.77904326714013, -73.95881439313297 40.779028018302455, -73.95879692677227 40.779020854867056, -73.9585897822737 40.77893589927682, -73.95845419224614 40.77888029038574)))",1195,MN,1495,33,980 Park Avenue,1014950033,Church of Saint Ignatius Loyola,LP-00431,"Borough of Manhattan Tax Map Block 1495, Lot 33 in part, consisting of the land on which the described building is situated.",Designated,,03/04/1969,Individual Landmark,http://s-media.nyc.gov/agencies/lpc/lp/0431.pdf,610.84022984,17951.9505458
"MULTIPOLYGON (((-73.98607183767638 40.745377441055105, -73.9860317229822 40.74536052018109, -73.98590930953698 40.74530888463093, -73.98567889498017 40.745211693351585, -73.98559855827537 40.74517780627626, -73.98568999737051 40.745052594125035, -73.98577932678938 40.7449302038264, -73.98625256590384 40.74512982165569, -73.98607183767638 40.745377441055105)))",1196,MN,859,6,1 East 29th Street,1008590006,Church of the Transfiguration,LP-00470,"Borough of Manhattan Tax Map Block 859, Lot 6.",Amended,also known as the Little Church around the Corner,05/25/1967,Individual Landmark,http://s-media.nyc.gov/agencies/lpc/lp/0470.pdf,506.276336675,15472.5026183
"MULTIPOLYGON (((-73.80106404554923 40.70462116558256, -73.80078451178161 40.704155906187516, -73.80105256517186 40.70406883715003, -73.8008951983614 40.70380603731402, -73.80066037295659 40.70333264129973, -73.80116616105495 40.70318776253322, -73.8014265160504 40.70365735096729, -73.80166156855165 40.7035813584291, -73.80192172481196 40.704065361695314, -73.80171738702609 40.704131740659825, -73.80174863191654 40.704187831658636, -73.8016708451047 40.704212694120365, -73.80174501023556 40.704347652229124, -73.80167105188896 40.70437188642258, -73.80167759032946 40.70438437160667, -73.80107684503255 40.70457843670757, -73.80109714922418 40.70461018789381, -73.80106404554923 40.70462116558256)))",1197,QN,9754,11,155-03 Jamaica Avenue,4097540011,Grace Episcopal Church and Graveyard,LP-00487,"Borough of Queens Tax Map Block 9754, Lot 1 in part, consisting of the land on which the described improvements are situated.",Designated,,05/25/1967,Individual Landmark,http://s-media.nyc.gov/agencies/lpc/lp/0487.pdf,1545.16321301,96879.5699559
"MULTIPOLYGON (((-74.0783440574166 40.63215221259317, -74.07842758048598 40.63198991352709, -74.07856135373439 40.631863637782644, -74.07860120696736 40.631826019251505, -74.0786776581232 40.63175385154485, -74.07874312160436 40.63169205629397, -74.07874964492353 40.63168589947564, -74.07942296171308 40.63200572958743, -74.07929780791468 40.632156909663536, -74.07927378248343 40.632185930167914, -74.07912574629718 40.63242665278852, -74.0783440574166 40.63215221259317)))",1234,SI,516,0,217-225 St. Paul's Avenue,0,Saint Paul's Memorial Church and Rectory,LP-00891,"Borough of Staten Island Tax Map Block 516, Lots 21 and 24.",Designated,,07/22/1975,Individual Landmark,http://s-media.nyc.gov/agencies/lpc/lp/0891.pdf,839.451379991,44086.8707619
"MULTIPOLYGON (((-73.79804414628687 40.70202384350167, -73.79803384205832 40.702028283867406, -73.79800570051229 40.701990459712576, -73.79798131253602 40.7020009700371, -73.79795388752886 40.701964109776775, -73.79797991762851 40.70195289273497, -73.79795684113255 40.70192187814132, -73.79800643572347 40.701900505031865, -73.79801271279705 40.70189780009654, -73.79800251327347 40.70188409167885, -73.79826893651968 40.70176927870097, -73.79827758640447 40.70178090509192, -73.79829039642262 40.701775384876484, -73.79833689257484 40.701837875590684, -73.7983334294131 40.70183936797866, -73.79836712754195 40.701884657145555, -73.79804414628687 40.70202384350167)))",1245,QN,10103,16,94-20 160th Street,4101030016,Saint Monica's Church,LP-01017,"Borough of Queens Tax Map Block 10103, Lot 16 in part.",Designated,,03/13/1979,Individual Landmark,http://s-media.nyc.gov/agencies/lpc/lp/1017.pdf,330.131642225,5331.52968232
"MULTIPOLYGON (((-73.98165763971072 40.74849179760659, -73.98183397718388 40.74824925890005, -73.98232513793396 40.74845513880464, -73.9821947215893 40.74863561257359, -73.9821496221807 40.748698021475924, -73.98184768266646 40.748571458574226, -73.9818339252351 40.74856569226528, -73.98165763971072 40.74849179760659)))",1248,MN,865,0,205 and 209 Madison Avenue,0,Church of the Incarnation and Rectory,LP-01046,"Borough of Manhattan Tax Map Block 865, Lot 18 and 19.",Designated,,09/11/1979,Individual Landmark,http://s-media.nyc.gov/agencies/lpc/lp/1046.pdf,512.991317291,15703.5932952
"MULTIPOLYGON (((-74.16068380949089 40.54398005319783, -74.16066891312201 40.54395493399371, -74.16069356890739 40.54394642462004, -74.1606443023789 40.543863349578096, -74.1606392754543 40.54386508472454, -74.16060780703789 40.54387594498927, -74.16057171597045 40.54381508823216, -74.1605777053455 40.54381302124882, -74.16056305321936 40.543788315031655, -74.16057750532109 40.54378332660748, -74.16060721981971 40.54377307125756, -74.16060834643851 40.543754601647116, -74.16063937721297 40.543743892382544, -74.16066314929218 40.54375376853703, -74.16067780144992 40.54377847564205, -74.16072634150547 40.543761722720426, -74.1607624326849 40.543822579429225, -74.1607271876319 40.54383474357597, -74.16077645424238 40.543917818582564, -74.16080222932308 40.54390892309272, -74.16081712573184 40.54393404227966, -74.16068380949089 40.54398005319783)))",1252,SI,5239,48,76 Saint Alban's Place,5052390048,Saint Alban's Episcopal Church,LP-01113,"Borough of Staten Island, Tax Map Block 5239, Lot 48 in part, consisting of the land on which the described building is situated.",Designated,originally the Church of the Holy Comforter,09/09/1980,Individual Landmark,http://s-media.nyc.gov/agencies/lpc/lp/1113.pdf,286.725986202,2777.53199713
"MULTIPOLYGON (((-73.99629057453343 40.681829161856534, -73.99670447536528 40.681945409217555, -73.99684503826597 40.68198488809467, -73.99690730279538 40.68200237506774, -73.99677717689089 40.682273394724696, -73.99676017645079 40.6822686323288, -73.99671489439694 40.68225595000545, -73.99670119067464 40.68225196934113, -73.99664741552172 40.682237050770915, -73.9965855482881 40.682219722159964, -73.99655894522195 40.68221227051385, -73.99650507196111 40.68219718077643, -73.99616024534359 40.6821005977531, -73.99629057453343 40.681829161856534)))",1269,BK,345,0,358-366 Court Street and 253-269 President Street,0,South Congregational Church Complex,LP-01245,"Borough of Brooklyn Tax Map Block 345, Lot 31 and 40.",Designated,,03/23/1982,Individual Landmark,http://s-media.nyc.gov/agencies/lpc/lp/1245.pdf,575.067021463,19181.7273594
"MULTIPOLYGON (((-73.93480665010665 40.69018927611672, -73.93474799315578 40.6899129455281, -73.93510447991804 40.6898721134115, -73.9351726328277 40.68986430745097, -73.93523129031253 40.690140637824186, -73.93516313831124 40.6901484429193, -73.93480665010665 40.69018927611672)))",1294,BK,1620,0,828 and 826 Greene Avenue,0,Antioch Baptist Church,LP-01790,"Borough of Brooklyn Tax Map Block 1620, Lots 25 and 24.",Designated,originally the Greene Avenue Baptist Church and Church House,11/20/1990,Individual Landmark,http://s-media.nyc.gov/agencies/lpc/lp/1790.pdf,442.137827084,12143.9744577
"MULTIPOLYGON (((-74.23795574476024 40.53699197347447, -74.23799051564023 40.53685524048152, -74.23804418900728 40.536644176310915, -74.2383560656328 40.53668109220547, -74.23869405664615 40.53672109761856, -74.23864638059523 40.536996071996064, -74.23862440443966 40.5371228250327, -74.2383829221857 40.53706244629019, -74.23836585603767 40.53705956220217, -74.2382821493036 40.537045428324454, -74.2380509484527 40.53700661506626, -74.23795574476024 40.53699197347447)))",1299,SI,7400,0,19-25 Winant Place,0,Saint Peter's German Evangelical Reformed Church at Kreischerville,LP-01875,"Borough of Staten Island Tax Map Block 7400, Lots 171. and 166.",Designated,"now Free Magyar Reformed Church, Parish Hall, and Rectory",07/26/1994,Individual Landmark,http://s-media.nyc.gov/agencies/lpc/lp/1875.pdf,651.625325302,25382.8602796
"MULTIPOLYGON (((-73.80207862748108 40.70267463104378, -73.80166900684198 40.70278663430031, -73.80139203925818 40.70222255646359, -73.80164627512418 40.70215349588967, -73.80181393627885 40.70211787399564, -73.80207862748108 40.70267463104378)))",1305,QN,10097,10,153-10 Jamaica Avenue,4100970010,First Reformed Church of Jamaica,LP-01939,Too long,Designated,,01/30/1996,Individual Landmark,http://s-media.nyc.gov/agencies/lpc/lp/1939.pdf,678.898850531,26628.5599648
"MULTIPOLYGON (((-73.96292702202933 40.8124700904005, -73.96261110152614 40.81233696960029, -73.96269167494484 40.812226673054916, -73.9629551101339 40.811868097048375, -73.96300650703093 40.8117969175147, -73.96288993041432 40.81174786686942, -73.96270753214993 40.81166992398167, -73.96269606319528 40.8116652547935, -73.9627277406725 40.811621889872015, -73.96273982844411 40.81162629631179, -73.96296374862803 40.811721983291726, -73.96303594502619 40.81175230550235, -73.9631387766103 40.8116114988066, -73.96342799848559 40.811735137377674, -73.96345545566629 40.8117467030696, -73.96292702202933 40.8124700904005)))",1313,MN,1991,32,490-498 Riverside Drive,1019910032,The Riverside Church,LP-02037,"Borough of Manhattan Tax Map Block 1991, lot 32, in part, consisting of the land on which the 1928-30 church, tower, chapel, and ""cloister"" passage extending to Claremont Avenue, are situated.",Designated,,05/16/2000,Individual Landmark,http://s-media.nyc.gov/agencies/lpc/lp/2037.pdf,999.958262535,31953.0287423
"MULTIPOLYGON (((-73.98154304756994 40.74236962231923, -73.98147191020868 40.74246664772591, -73.98133010981958 40.74266005191655, -73.98140780841774 40.74269300683004, -73.9813451249689 40.742778501627, -73.98132765937461 40.74280232260755, -73.98133753848856 40.74280651336694, -73.98134391930395 40.742830585850896, -73.98132714658715 40.74285346321221, -73.98129789678346 40.7428605814758, -73.98126940656579 40.74284849834683, -73.98127238659612 40.742844434843775, -73.98103510111791 40.74274379408467, -73.98094334701089 40.742704877040275, -73.98093734143318 40.74270233031338, -73.98096044150492 40.742670824496614, -73.98102230334925 40.74258645180395, -73.9810339593546 40.74257055347296, -73.98108522865567 40.742500626734, -73.98109058903376 40.742502900493776, -73.98110121390113 40.742507406573516, -73.98112456344768 40.74250167417335, -73.98113210444129 40.74250487220864, -73.98115328670517 40.74251385643268, -73.98115762802473 40.742556799617724, -73.98127365564557 40.74239854724081, -73.98135458719341 40.74228816271962, -73.98154390153454 40.74236845720007, -73.98154304756994 40.74236962231923)))",1343,MN,884,30,151 East 28th Street,1008840030,Saint Stephen's Church,LP-02259,"Borough of Manhattan Tax Map Block 884, lot 30 in part, consisting of the land on which the church is situated.",Designated,also known as the Church of Our Lady of the Scapular and Saint Stephen,10/28/2008,Individual Landmark,http://s-media.nyc.gov/agencies/lpc/lp/2259.pdf,632.006936695,15466.9634119
"MULTIPOLYGON (((-73.98451933403199 40.7698461433652, -73.984752495281 40.769522155328595, -73.98478639933413 40.76953639947067, -73.98490333508909 40.76958552920765, -73.98490371170948 40.76958568684509, -73.98489361461729 40.769599718066125, -73.98506100707843 40.76967019257523, -73.98507902468911 40.76964515641326, -73.98530759127067 40.76974138476153, -73.98529676083682 40.769756434393365, -73.98548098958811 40.76983421261958, -73.98547405841066 40.76984384443043, -73.98556322333339 40.76988148767256, -73.9855315460916 40.76992550390505, -73.98557463110899 40.769978729955625, -73.98560203666548 40.77004122201173, -73.98563591404525 40.77005489407974, -73.98560213242897 40.77010231036869, -73.98560372776086 40.77010295262693, -73.9854936682478 40.770257317509405, -73.98533131331479 40.77018880377195, -73.98455258087549 40.76986017406778, -73.98451933403199 40.7698461433652)))",1344,MN,1131,31,8 Columbus Avenue,1011310031,Church of Saint Paul the Apostle,LP-02260,"Borough of Manhattan Tax Map Block 1131, Lot 31",Amended,,06/25/2013,Individual Landmark,http://s-media.nyc.gov/agencies/lpc/lp/2260.pdf,889.335146124,39388.8886586
"MULTIPOLYGON (((-74.0925006116769 40.64396585290347, -74.0923180442339 40.6433556406665, -74.0922399445893 40.64309459703781, -74.09266398909122 40.64298517629731, -74.09272664957099 40.64296900740444, -74.09293014760381 40.64291649418205, -74.09298876706643 40.64310468672994, -74.0930351718117 40.643254412663985, -74.09334553548948 40.64318098770809, -74.09350399313067 40.64371510339959, -74.0925006116769 40.64396585290347)))",1357,SI,66,0,76 Franklin Avenue,0,Christ Church Complex,LP-02383,"Borough of Staten Island, Tax Map Block 66, Lot 158 and Lot 178.",Designated,,08/10/2010,Individual Landmark,http://s-media.nyc.gov/agencies/lpc/lp/2383.pdf,1237.05803942,83937.7513414
"MULTIPOLYGON (((-73.96878862554142 40.796495556888146, -73.96906775690059 40.79611708185006, -73.96964682805749 40.79636272103159, -73.96977740111187 40.796418109960854, -73.96965630101194 40.796582310382796, -73.96952572773579 40.79652692221827, -73.96937673973939 40.796728938655875, -73.96926044915554 40.79667454813754, -73.96923211336349 40.79666267649387, -73.96912666634853 40.79661849679846, -73.96911523515757 40.79663410389844, -73.96878862554142 40.796495556888146)))",1371,MN,1871,0,201 West 99th Street and 225 West 99th Street,0,"St. Michael's Episcopal Church, Parish House and Rectory",LP-02281,"Borough of Manhattan Tax Map Block 1871, Lots 24 and 29",Designated,,04/12/2016,Individual Landmark,http://s-media.nyc.gov/agencies/lpc/lp/2281.pdf,767.632846787,31361.0673164
"MULTIPOLYGON (((-73.95384847251637 40.811887551589045, -73.95409617804393 40.811549281303805, -73.95427537571408 40.81162667824257, -73.95414015188346 40.811811655177664, -73.95415234045423 40.81181692523463, -73.95404048876786 40.81197018500928, -73.95384847251637 40.811887551589045)))",1377,MN,1966,67,401-403 West 125th Street,1019660067,Church of St. Joseph of the Holy Family,LP-00303,"Borough of Manhattan Tax Map Block 1966, Lot 67 in part. See desgination report for entire site description",Designated,,06/28/2016,Individual Landmark,http://s-media.nyc.gov/agencies/lpc/lp/0303.pdf,404.00256654,8300.9354657
"MULTIPOLYGON (((-73.94174969156822 40.800158944758635, -73.94135581358853 40.79999110448578, -73.94163645929413 40.79960463911908, -73.94203086184116 40.79977110544631, -73.94174969156822 40.800158944758635)))",1380,MN,1645,7,121 (115 - 125) East 117th Street,1016450007,Saint Paul Roman Catholic Church,LP-00291,"Borough of Manhattan Tax Map Block 1645, Lot 7 in part. See designation report for entire site description",Designated,,06/28/2016,Individual Landmark,http://s-media.nyc.gov/agencies/lpc/lp/0291.pdf,572.082229124,20128.6566031
"MULTIPOLYGON (((-74.06305487182887 40.61122733742293, -74.06366547969691 40.61093430522925, -74.06382718640465 40.611153749186634, -74.06321657605756 40.611446782233465, -74.06305487182887 40.61122733742293)))",1382,SI,2832,12,1333 Bay Street,5028320012,St. John's P.E. Church Rectory,LP-00375,"Borough of Staten Island Tax Map Block 2832, Lot 12",Designated,,06/28/2016,Individual Landmark,http://s-media.nyc.gov/agencies/lpc/lp/0375.pdf,584.085896784,18347.50016
"MULTIPOLYGON (((-73.97046579957953 40.758881916968846, -73.96913444056429 40.75831985010252, -73.96931241328305 40.758076416418696, -73.9696207385482 40.75820570979618, -73.96980006954261 40.75796041617088, -73.97082521485726 40.758390289657804, -73.97046579957953 40.758881916968846)))",0,MN,1308,7501,601 Lexington Avenue,1013087501,Citicorp Center (now 601 Lexington Avenue) including Saint Peter's Church,LP-02582,"Borough of Manhattan Tax Map Block 1308, Lot 7501",Designated,,12/06/2016,Individual Landmark,http://s-media.nyc.gov/agencies/lpc/lp/2582.pdf,1252.39854736,76225.8362535
"MULTIPOLYGON (((-73.92026396752904 40.695976442494675, -73.92008109590468 40.69587466485363, -73.91998008028355 40.69581844407995, -73.91996694537234 40.6958112587591, -73.92032254935616 40.69545013414673, -73.9206169161605 40.695618012177434, -73.92026396752904 40.695976442494675)))",0,BK,3306,6,138 Bleecker Street,3033060006,St. Barbara's Roman Catholic Church,LP-01201,"Borough of Brooklyn Tax Map Block 3306, Lot 6 in part",Designated,,12/13/2016,Individual Landmark,http://s-media.nyc.gov/agencies/lpc/lp/1201.pdf,531.620255934,16706.4511339
"MULTIPOLYGON (((-73.82415197789784 40.76170482812349, -73.82406927481419 40.761525022940745, -73.82393001169292 40.7612230073003, -73.82429926371053 40.76112357522511, -73.82452167668905 40.76160527535303, -73.82415197789784 40.76170482812349)))",0,QN,5022,1,143-11 (143-19) Roosevelt Avenue,4050220001,Protestant Reformed Dutch Church of Flushing (Bowne Street Community Church),LP-02137,"Borough of Queens Tax Map Block 5022, Lot 1 in part",Designated,,12/13/2016,Individual Landmark,http://s-media.nyc.gov/agencies/lpc/lp/2137.pdf,589.168166845,20193.2996872
"MULTIPOLYGON (((-73.96222137882388 40.802422229662994, -73.96362515555369 40.80300942280551, -73.96236285828863 40.80474404713715, -73.96223194561925 40.804688651575184, -73.96240911003626 40.80444520385631, -73.96155212382938 40.80408256417035, -73.96153279473064 40.80411035521536, -73.96140071092184 40.80405676201122, -73.9613980220451 40.804060780936915, -73.96138951536783 40.80405715808343, -73.96136153377209 40.80409560720526, -73.96130941424146 40.804073646372856, -73.96132546871239 40.804050574680645, -73.96120228074595 40.8039982341248, -73.96119978991145 40.804002002773956, -73.96119252838969 40.80399900887305, -73.96117845408018 40.80401810281068, -73.96117062864445 40.80401480344945, -73.96114694974615 40.804004818846394, -73.96114795192747 40.804003446824154, -73.96114502549136 40.80400228869704, -73.9611684350139 40.803968208207294, -73.96116085358966 40.80396511153976, -73.9611633362288 40.80396117269445, -73.96110121562306 40.803935988214356, -73.96110632622899 40.80392886339212, -73.96109868919301 40.803925631626875, -73.96110514468168 40.80391676029104, -73.961097573945 40.80391364111049, -73.96110997040897 40.80389622694695, -73.96057352481944 40.80366883629285, -73.96101690236166 40.80239928554617, -73.96107159877567 40.802243530323544, -73.96157879569543 40.80245729702878, -73.96205096846944 40.80265639525082, -73.96222137882388 40.802422229662994)))",0,MN,0,0,"1047 Amsterdam Avenue (aka 1021-1061 Amsterdam Avenue and 419 West 110th Street [Cathedral Parkway]),",0,Cathedral Church of St. John the Divine and the Cathedral Close,LP-02585,Too long,Designated,,02/21/2017,Individual Landmark,http://s-media.nyc.gov/agencies/lpc/lp/2585.pdf,2912.84589812,409260.763686
"MULTIPOLYGON (((-73.87750177578185 40.73849832277451, -73.87744482016859 40.73837821901509, -73.87745707376406 40.73837487225784, -73.87743732458985 40.73833269214292, -73.87777478403677 40.73825859045487, -73.87783746100787 40.73843795627094, -73.87750177578185 40.73849832277451)))",0,QN,1549,1,86-02 Broadway,4015490001,Old Saint James Episcopal Church (Old Saint James Parish Hall),LP-02593,"Borough of Queens Tax Map Block 1549, Lot 1 in part",Designated,,09/19/2017,Individual Landmark,http://s-media.nyc.gov/agencies/lpc/lp/2593.pdf,326.981942154,6349.29389384
"MULTIPOLYGON (((-73.95838023788173 40.766189119809496, -73.95851891034816 40.765998633989966, -73.95854658935382 40.76601033339416, -73.95862134498013 40.76604192833384, -73.9584826703466 40.76623241607562, -73.95838023788173 40.766189119809496)))",25202,MN,1443,37,346 East 69th Street,1014430037,First Hungarian Reformed Church,LP-02601,"Borough of Manhattan Tax Map Block 1443, Lot 37",Designated,,06/11/2019,Individual Landmark,http://s-media.nyc.gov/agencies/lpc/lp/2601.pdf,223.573575639,2575.14692718
"MULTIPOLYGON (((-73.93814935965263 40.84923103396362, -73.9387600505706 40.84935055880419, -73.93865294043253 40.849624056948514, -73.9382552783403 40.84954637546513, -73.9380596809401 40.84950816538896, -73.93814935965263 40.84923103396362)))",0,MN,2176,30,715 West 179th Street (aka 715-721 West 179th Street; 426-434 Fort Washington Avenue),1021760030,Holyrood Episcopal Church-Iglesia Santa Cruz,LP-02649,"Borough of Manhattan, Tax Map Block 2176, Lot 30",Designated,,05/18/2021,Individual Landmark,http://s-media.nyc.gov/agencies/lpc/lp/2649.pdf,551.881847691,17872.8656251
